03_1	Genus-4D	1	source:knotinfo;date:5 June 2022;scraped by:Claudius Zibrowius
04_1	Genus-4D	1	source:knotinfo;date:5 June 2022;scraped by:Claudius Zibrowius
05_1	Genus-4D	2	source:knotinfo;date:5 June 2022;scraped by:Claudius Zibrowius
05_2	Genus-4D	1	source:knotinfo;date:5 June 2022;scraped by:Claudius Zibrowius
06_1	Genus-4D	0	source:knotinfo;date:5 June 2022;scraped by:Claudius Zibrowius
06_2	Genus-4D	1	source:knotinfo;date:5 June 2022;scraped by:Claudius Zibrowius
06_3	Genus-4D	1	source:knotinfo;date:5 June 2022;scraped by:Claudius Zibrowius
07_1	Genus-4D	3	source:knotinfo;date:5 June 2022;scraped by:Claudius Zibrowius
07_2	Genus-4D	1	source:knotinfo;date:5 June 2022;scraped by:Claudius Zibrowius
07_3	Genus-4D	2	source:knotinfo;date:5 June 2022;scraped by:Claudius Zibrowius
07_4	Genus-4D	1	source:knotinfo;date:5 June 2022;scraped by:Claudius Zibrowius
07_5	Genus-4D	2	source:knotinfo;date:5 June 2022;scraped by:Claudius Zibrowius
07_6	Genus-4D	1	source:knotinfo;date:5 June 2022;scraped by:Claudius Zibrowius
07_7	Genus-4D	1	source:knotinfo;date:5 June 2022;scraped by:Claudius Zibrowius
08_1	Genus-4D	1	source:knotinfo;date:5 June 2022;scraped by:Claudius Zibrowius
08_2	Genus-4D	2	source:knotinfo;date:5 June 2022;scraped by:Claudius Zibrowius
08_3	Genus-4D	1	source:knotinfo;date:5 June 2022;scraped by:Claudius Zibrowius
08_4	Genus-4D	1	source:knotinfo;date:5 June 2022;scraped by:Claudius Zibrowius
08_5	Genus-4D	2	source:knotinfo;date:5 June 2022;scraped by:Claudius Zibrowius
08_6	Genus-4D	1	source:knotinfo;date:5 June 2022;scraped by:Claudius Zibrowius
08_7	Genus-4D	1	source:knotinfo;date:5 June 2022;scraped by:Claudius Zibrowius
08_8	Genus-4D	0	source:knotinfo;date:5 June 2022;scraped by:Claudius Zibrowius
08_9	Genus-4D	0	source:knotinfo;date:5 June 2022;scraped by:Claudius Zibrowius
08_10	Genus-4D	1	source:knotinfo;date:5 June 2022;scraped by:Claudius Zibrowius
08_11	Genus-4D	1	source:knotinfo;date:5 June 2022;scraped by:Claudius Zibrowius
08_12	Genus-4D	1	source:knotinfo;date:5 June 2022;scraped by:Claudius Zibrowius
08_13	Genus-4D	1	source:knotinfo;date:5 June 2022;scraped by:Claudius Zibrowius
08_14	Genus-4D	1	source:knotinfo;date:5 June 2022;scraped by:Claudius Zibrowius
08_15	Genus-4D	2	source:knotinfo;date:5 June 2022;scraped by:Claudius Zibrowius
08_16	Genus-4D	1	source:knotinfo;date:5 June 2022;scraped by:Claudius Zibrowius
08_17	Genus-4D	1	source:knotinfo;date:5 June 2022;scraped by:Claudius Zibrowius
08_18	Genus-4D	1	source:knotinfo;date:5 June 2022;scraped by:Claudius Zibrowius
08_19	Genus-4D	3	source:knotinfo;date:5 June 2022;scraped by:Claudius Zibrowius
08_20	Genus-4D	0	source:knotinfo;date:5 June 2022;scraped by:Claudius Zibrowius
08_21	Genus-4D	1	source:knotinfo;date:5 June 2022;scraped by:Claudius Zibrowius
09_1	Genus-4D	4	source:knotinfo;date:5 June 2022;scraped by:Claudius Zibrowius
09_2	Genus-4D	1	source:knotinfo;date:5 June 2022;scraped by:Claudius Zibrowius
09_3	Genus-4D	3	source:knotinfo;date:5 June 2022;scraped by:Claudius Zibrowius
09_4	Genus-4D	2	source:knotinfo;date:5 June 2022;scraped by:Claudius Zibrowius
09_5	Genus-4D	1	source:knotinfo;date:5 June 2022;scraped by:Claudius Zibrowius
09_6	Genus-4D	3	source:knotinfo;date:5 June 2022;scraped by:Claudius Zibrowius
09_7	Genus-4D	2	source:knotinfo;date:5 June 2022;scraped by:Claudius Zibrowius
09_8	Genus-4D	1	source:knotinfo;date:5 June 2022;scraped by:Claudius Zibrowius
09_9	Genus-4D	3	source:knotinfo;date:5 June 2022;scraped by:Claudius Zibrowius
09_10	Genus-4D	2	source:knotinfo;date:5 June 2022;scraped by:Claudius Zibrowius
09_11	Genus-4D	2	source:knotinfo;date:5 June 2022;scraped by:Claudius Zibrowius
09_12	Genus-4D	1	source:knotinfo;date:5 June 2022;scraped by:Claudius Zibrowius
09_13	Genus-4D	2	source:knotinfo;date:5 June 2022;scraped by:Claudius Zibrowius
09_14	Genus-4D	1	source:knotinfo;date:5 June 2022;scraped by:Claudius Zibrowius
09_15	Genus-4D	1	source:knotinfo;date:5 June 2022;scraped by:Claudius Zibrowius
09_16	Genus-4D	3	source:knotinfo;date:5 June 2022;scraped by:Claudius Zibrowius
09_17	Genus-4D	1	source:knotinfo;date:5 June 2022;scraped by:Claudius Zibrowius
09_18	Genus-4D	2	source:knotinfo;date:5 June 2022;scraped by:Claudius Zibrowius
09_19	Genus-4D	1	source:knotinfo;date:5 June 2022;scraped by:Claudius Zibrowius
09_20	Genus-4D	2	source:knotinfo;date:5 June 2022;scraped by:Claudius Zibrowius
09_21	Genus-4D	1	source:knotinfo;date:5 June 2022;scraped by:Claudius Zibrowius
09_22	Genus-4D	1	source:knotinfo;date:5 June 2022;scraped by:Claudius Zibrowius
09_23	Genus-4D	2	source:knotinfo;date:5 June 2022;scraped by:Claudius Zibrowius
09_24	Genus-4D	1	source:knotinfo;date:5 June 2022;scraped by:Claudius Zibrowius
09_25	Genus-4D	1	source:knotinfo;date:5 June 2022;scraped by:Claudius Zibrowius
09_26	Genus-4D	1	source:knotinfo;date:5 June 2022;scraped by:Claudius Zibrowius
09_27	Genus-4D	0	source:knotinfo;date:5 June 2022;scraped by:Claudius Zibrowius
09_28	Genus-4D	1	source:knotinfo;date:5 June 2022;scraped by:Claudius Zibrowius
09_29	Genus-4D	1	source:knotinfo;date:5 June 2022;scraped by:Claudius Zibrowius
09_30	Genus-4D	1	source:knotinfo;date:5 June 2022;scraped by:Claudius Zibrowius
09_31	Genus-4D	1	source:knotinfo;date:5 June 2022;scraped by:Claudius Zibrowius
09_32	Genus-4D	1	source:knotinfo;date:5 June 2022;scraped by:Claudius Zibrowius
09_33	Genus-4D	1	source:knotinfo;date:5 June 2022;scraped by:Claudius Zibrowius
09_34	Genus-4D	1	source:knotinfo;date:5 June 2022;scraped by:Claudius Zibrowius
09_35	Genus-4D	1	source:knotinfo;date:5 June 2022;scraped by:Claudius Zibrowius
09_36	Genus-4D	2	source:knotinfo;date:5 June 2022;scraped by:Claudius Zibrowius
09_37	Genus-4D	1	source:knotinfo;date:5 June 2022;scraped by:Claudius Zibrowius
09_38	Genus-4D	2	source:knotinfo;date:5 June 2022;scraped by:Claudius Zibrowius
09_39	Genus-4D	1	source:knotinfo;date:5 June 2022;scraped by:Claudius Zibrowius
09_40	Genus-4D	1	source:knotinfo;date:5 June 2022;scraped by:Claudius Zibrowius
09_41	Genus-4D	0	source:knotinfo;date:5 June 2022;scraped by:Claudius Zibrowius
09_42	Genus-4D	1	source:knotinfo;date:5 June 2022;scraped by:Claudius Zibrowius
09_43	Genus-4D	2	source:knotinfo;date:5 June 2022;scraped by:Claudius Zibrowius
09_44	Genus-4D	1	source:knotinfo;date:5 June 2022;scraped by:Claudius Zibrowius
09_45	Genus-4D	1	source:knotinfo;date:5 June 2022;scraped by:Claudius Zibrowius
09_46	Genus-4D	0	source:knotinfo;date:5 June 2022;scraped by:Claudius Zibrowius
09_47	Genus-4D	1	source:knotinfo;date:5 June 2022;scraped by:Claudius Zibrowius
09_48	Genus-4D	1	source:knotinfo;date:5 June 2022;scraped by:Claudius Zibrowius
09_49	Genus-4D	2	source:knotinfo;date:5 June 2022;scraped by:Claudius Zibrowius
10_1	Genus-4D	1	source:knotinfo;date:5 June 2022;scraped by:Claudius Zibrowius
10_2	Genus-4D	3	source:knotinfo;date:5 June 2022;scraped by:Claudius Zibrowius
10_3	Genus-4D	0	source:knotinfo;date:5 June 2022;scraped by:Claudius Zibrowius
10_4	Genus-4D	1	source:knotinfo;date:5 June 2022;scraped by:Claudius Zibrowius
10_5	Genus-4D	2	source:knotinfo;date:5 June 2022;scraped by:Claudius Zibrowius
10_6	Genus-4D	2	source:knotinfo;date:5 June 2022;scraped by:Claudius Zibrowius
10_7	Genus-4D	1	source:knotinfo;date:5 June 2022;scraped by:Claudius Zibrowius
10_8	Genus-4D	2	source:knotinfo;date:5 June 2022;scraped by:Claudius Zibrowius
10_9	Genus-4D	1	source:knotinfo;date:5 June 2022;scraped by:Claudius Zibrowius
10_10	Genus-4D	1	source:knotinfo;date:5 June 2022;scraped by:Claudius Zibrowius
10_11	Genus-4D	1	source:knotinfo;date:5 June 2022;scraped by:Claudius Zibrowius
10_12	Genus-4D	1	source:knotinfo;date:5 June 2022;scraped by:Claudius Zibrowius
10_13	Genus-4D	1	source:knotinfo;date:5 June 2022;scraped by:Claudius Zibrowius
10_14	Genus-4D	2	source:knotinfo;date:5 June 2022;scraped by:Claudius Zibrowius
10_15	Genus-4D	1	source:knotinfo;date:5 June 2022;scraped by:Claudius Zibrowius
10_16	Genus-4D	1	source:knotinfo;date:5 June 2022;scraped by:Claudius Zibrowius
10_17	Genus-4D	1	source:knotinfo;date:5 June 2022;scraped by:Claudius Zibrowius
10_18	Genus-4D	1	source:knotinfo;date:5 June 2022;scraped by:Claudius Zibrowius
10_19	Genus-4D	1	source:knotinfo;date:5 June 2022;scraped by:Claudius Zibrowius
10_20	Genus-4D	1	source:knotinfo;date:5 June 2022;scraped by:Claudius Zibrowius
10_21	Genus-4D	2	source:knotinfo;date:5 June 2022;scraped by:Claudius Zibrowius
10_22	Genus-4D	0	source:knotinfo;date:5 June 2022;scraped by:Claudius Zibrowius
10_23	Genus-4D	1	source:knotinfo;date:5 June 2022;scraped by:Claudius Zibrowius
10_24	Genus-4D	1	source:knotinfo;date:5 June 2022;scraped by:Claudius Zibrowius
10_25	Genus-4D	2	source:knotinfo;date:5 June 2022;scraped by:Claudius Zibrowius
10_26	Genus-4D	1	source:knotinfo;date:5 June 2022;scraped by:Claudius Zibrowius
10_27	Genus-4D	1	source:knotinfo;date:5 June 2022;scraped by:Claudius Zibrowius
10_28	Genus-4D	1	source:knotinfo;date:5 June 2022;scraped by:Claudius Zibrowius
10_29	Genus-4D	1	source:knotinfo;date:5 June 2022;scraped by:Claudius Zibrowius
10_30	Genus-4D	1	source:knotinfo;date:5 June 2022;scraped by:Claudius Zibrowius
10_31	Genus-4D	1	source:knotinfo;date:5 June 2022;scraped by:Claudius Zibrowius
10_32	Genus-4D	1	source:knotinfo;date:5 June 2022;scraped by:Claudius Zibrowius
10_33	Genus-4D	1	source:knotinfo;date:5 June 2022;scraped by:Claudius Zibrowius
10_34	Genus-4D	1	source:knotinfo;date:5 June 2022;scraped by:Claudius Zibrowius
10_35	Genus-4D	0	source:knotinfo;date:5 June 2022;scraped by:Claudius Zibrowius
10_36	Genus-4D	1	source:knotinfo;date:5 June 2022;scraped by:Claudius Zibrowius
10_37	Genus-4D	1	source:knotinfo;date:5 June 2022;scraped by:Claudius Zibrowius
10_38	Genus-4D	1	source:knotinfo;date:5 June 2022;scraped by:Claudius Zibrowius
10_39	Genus-4D	2	source:knotinfo;date:5 June 2022;scraped by:Claudius Zibrowius
10_40	Genus-4D	1	source:knotinfo;date:5 June 2022;scraped by:Claudius Zibrowius
10_41	Genus-4D	1	source:knotinfo;date:5 June 2022;scraped by:Claudius Zibrowius
10_42	Genus-4D	0	source:knotinfo;date:5 June 2022;scraped by:Claudius Zibrowius
10_43	Genus-4D	1	source:knotinfo;date:5 June 2022;scraped by:Claudius Zibrowius
10_44	Genus-4D	1	source:knotinfo;date:5 June 2022;scraped by:Claudius Zibrowius
10_45	Genus-4D	1	source:knotinfo;date:5 June 2022;scraped by:Claudius Zibrowius
10_46	Genus-4D	3	source:knotinfo;date:5 June 2022;scraped by:Claudius Zibrowius
10_47	Genus-4D	2	source:knotinfo;date:5 June 2022;scraped by:Claudius Zibrowius
10_48	Genus-4D	0	source:knotinfo;date:5 June 2022;scraped by:Claudius Zibrowius
10_49	Genus-4D	3	source:knotinfo;date:5 June 2022;scraped by:Claudius Zibrowius
10_50	Genus-4D	2	source:knotinfo;date:5 June 2022;scraped by:Claudius Zibrowius
10_51	Genus-4D	1	source:knotinfo;date:5 June 2022;scraped by:Claudius Zibrowius
10_52	Genus-4D	1	source:knotinfo;date:5 June 2022;scraped by:Claudius Zibrowius
10_53	Genus-4D	2	source:knotinfo;date:5 June 2022;scraped by:Claudius Zibrowius
10_54	Genus-4D	1	source:knotinfo;date:5 June 2022;scraped by:Claudius Zibrowius
10_55	Genus-4D	2	source:knotinfo;date:5 June 2022;scraped by:Claudius Zibrowius
10_56	Genus-4D	2	source:knotinfo;date:5 June 2022;scraped by:Claudius Zibrowius
10_57	Genus-4D	1	source:knotinfo;date:5 June 2022;scraped by:Claudius Zibrowius
10_58	Genus-4D	1	source:knotinfo;date:5 June 2022;scraped by:Claudius Zibrowius
10_59	Genus-4D	1	source:knotinfo;date:5 June 2022;scraped by:Claudius Zibrowius
10_60	Genus-4D	1	source:knotinfo;date:5 June 2022;scraped by:Claudius Zibrowius
10_61	Genus-4D	2	source:knotinfo;date:5 June 2022;scraped by:Claudius Zibrowius
10_62	Genus-4D	2	source:knotinfo;date:5 June 2022;scraped by:Claudius Zibrowius
10_63	Genus-4D	2	source:knotinfo;date:5 June 2022;scraped by:Claudius Zibrowius
10_64	Genus-4D	1	source:knotinfo;date:5 June 2022;scraped by:Claudius Zibrowius
10_65	Genus-4D	1	source:knotinfo;date:5 June 2022;scraped by:Claudius Zibrowius
10_66	Genus-4D	3	source:knotinfo;date:5 June 2022;scraped by:Claudius Zibrowius
10_67	Genus-4D	1	source:knotinfo;date:5 June 2022;scraped by:Claudius Zibrowius
10_68	Genus-4D	1	source:knotinfo;date:5 June 2022;scraped by:Claudius Zibrowius
10_69	Genus-4D	1	source:knotinfo;date:5 June 2022;scraped by:Claudius Zibrowius
10_70	Genus-4D	1	source:knotinfo;date:5 June 2022;scraped by:Claudius Zibrowius
10_71	Genus-4D	1	source:knotinfo;date:5 June 2022;scraped by:Claudius Zibrowius
10_72	Genus-4D	2	source:knotinfo;date:5 June 2022;scraped by:Claudius Zibrowius
10_73	Genus-4D	1	source:knotinfo;date:5 June 2022;scraped by:Claudius Zibrowius
10_74	Genus-4D	1	source:knotinfo;date:5 June 2022;scraped by:Claudius Zibrowius
10_75	Genus-4D	0	source:knotinfo;date:5 June 2022;scraped by:Claudius Zibrowius
10_76	Genus-4D	2	source:knotinfo;date:5 June 2022;scraped by:Claudius Zibrowius
10_77	Genus-4D	1	source:knotinfo;date:5 June 2022;scraped by:Claudius Zibrowius
10_78	Genus-4D	2	source:knotinfo;date:5 June 2022;scraped by:Claudius Zibrowius
10_79	Genus-4D	1	source:knotinfo;date:5 June 2022;scraped by:Claudius Zibrowius
10_80	Genus-4D	3	source:knotinfo;date:5 June 2022;scraped by:Claudius Zibrowius
10_81	Genus-4D	1	source:knotinfo;date:5 June 2022;scraped by:Claudius Zibrowius
10_82	Genus-4D	1	source:knotinfo;date:5 June 2022;scraped by:Claudius Zibrowius
10_83	Genus-4D	1	source:knotinfo;date:5 June 2022;scraped by:Claudius Zibrowius
10_84	Genus-4D	1	source:knotinfo;date:5 June 2022;scraped by:Claudius Zibrowius
10_85	Genus-4D	2	source:knotinfo;date:5 June 2022;scraped by:Claudius Zibrowius
10_86	Genus-4D	1	source:knotinfo;date:5 June 2022;scraped by:Claudius Zibrowius
10_87	Genus-4D	0	source:knotinfo;date:5 June 2022;scraped by:Claudius Zibrowius
10_88	Genus-4D	1	source:knotinfo;date:5 June 2022;scraped by:Claudius Zibrowius
10_89	Genus-4D	1	source:knotinfo;date:5 June 2022;scraped by:Claudius Zibrowius
10_90	Genus-4D	1	source:knotinfo;date:5 June 2022;scraped by:Claudius Zibrowius
10_91	Genus-4D	1	source:knotinfo;date:5 June 2022;scraped by:Claudius Zibrowius
10_92	Genus-4D	2	source:knotinfo;date:5 June 2022;scraped by:Claudius Zibrowius
10_93	Genus-4D	1	source:knotinfo;date:5 June 2022;scraped by:Claudius Zibrowius
10_94	Genus-4D	1	source:knotinfo;date:5 June 2022;scraped by:Claudius Zibrowius
10_95	Genus-4D	1	source:knotinfo;date:5 June 2022;scraped by:Claudius Zibrowius
10_96	Genus-4D	1	source:knotinfo;date:5 June 2022;scraped by:Claudius Zibrowius
10_97	Genus-4D	1	source:knotinfo;date:5 June 2022;scraped by:Claudius Zibrowius
10_98	Genus-4D	2	source:knotinfo;date:5 June 2022;scraped by:Claudius Zibrowius
10_99	Genus-4D	0	source:knotinfo;date:5 June 2022;scraped by:Claudius Zibrowius
10_100	Genus-4D	2	source:knotinfo;date:5 June 2022;scraped by:Claudius Zibrowius
10_101	Genus-4D	2	source:knotinfo;date:5 June 2022;scraped by:Claudius Zibrowius
10_102	Genus-4D	1	source:knotinfo;date:5 June 2022;scraped by:Claudius Zibrowius
10_103	Genus-4D	1	source:knotinfo;date:5 June 2022;scraped by:Claudius Zibrowius
10_104	Genus-4D	1	source:knotinfo;date:5 June 2022;scraped by:Claudius Zibrowius
10_105	Genus-4D	1	source:knotinfo;date:5 June 2022;scraped by:Claudius Zibrowius
10_106	Genus-4D	1	source:knotinfo;date:5 June 2022;scraped by:Claudius Zibrowius
10_107	Genus-4D	1	source:knotinfo;date:5 June 2022;scraped by:Claudius Zibrowius
10_108	Genus-4D	1	source:knotinfo;date:5 June 2022;scraped by:Claudius Zibrowius
10_109	Genus-4D	1	source:knotinfo;date:5 June 2022;scraped by:Claudius Zibrowius
10_110	Genus-4D	1	source:knotinfo;date:5 June 2022;scraped by:Claudius Zibrowius
10_111	Genus-4D	2	source:knotinfo;date:5 June 2022;scraped by:Claudius Zibrowius
10_112	Genus-4D	1	source:knotinfo;date:5 June 2022;scraped by:Claudius Zibrowius
10_113	Genus-4D	1	source:knotinfo;date:5 June 2022;scraped by:Claudius Zibrowius
10_114	Genus-4D	1	source:knotinfo;date:5 June 2022;scraped by:Claudius Zibrowius
10_115	Genus-4D	1	source:knotinfo;date:5 June 2022;scraped by:Claudius Zibrowius
10_116	Genus-4D	1	source:knotinfo;date:5 June 2022;scraped by:Claudius Zibrowius
10_117	Genus-4D	1	source:knotinfo;date:5 June 2022;scraped by:Claudius Zibrowius
10_118	Genus-4D	1	source:knotinfo;date:5 June 2022;scraped by:Claudius Zibrowius
10_119	Genus-4D	1	source:knotinfo;date:5 June 2022;scraped by:Claudius Zibrowius
10_120	Genus-4D	2	source:knotinfo;date:5 June 2022;scraped by:Claudius Zibrowius
10_121	Genus-4D	1	source:knotinfo;date:5 June 2022;scraped by:Claudius Zibrowius
10_122	Genus-4D	1	source:knotinfo;date:5 June 2022;scraped by:Claudius Zibrowius
10_123	Genus-4D	0	source:knotinfo;date:5 June 2022;scraped by:Claudius Zibrowius
10_124	Genus-4D	4	source:knotinfo;date:5 June 2022;scraped by:Claudius Zibrowius
10_125	Genus-4D	1	source:knotinfo;date:5 June 2022;scraped by:Claudius Zibrowius
10_126	Genus-4D	1	source:knotinfo;date:5 June 2022;scraped by:Claudius Zibrowius
10_127	Genus-4D	2	source:knotinfo;date:5 June 2022;scraped by:Claudius Zibrowius
10_128	Genus-4D	3	source:knotinfo;date:5 June 2022;scraped by:Claudius Zibrowius
10_129	Genus-4D	0	source:knotinfo;date:5 June 2022;scraped by:Claudius Zibrowius
10_130	Genus-4D	1	source:knotinfo;date:5 June 2022;scraped by:Claudius Zibrowius
10_131	Genus-4D	1	source:knotinfo;date:5 June 2022;scraped by:Claudius Zibrowius
10_132	Genus-4D	1	source:knotinfo;date:5 June 2022;scraped by:Claudius Zibrowius
10_133	Genus-4D	1	source:knotinfo;date:5 June 2022;scraped by:Claudius Zibrowius
10_134	Genus-4D	3	source:knotinfo;date:5 June 2022;scraped by:Claudius Zibrowius
10_135	Genus-4D	1	source:knotinfo;date:5 June 2022;scraped by:Claudius Zibrowius
10_136	Genus-4D	1	source:knotinfo;date:5 June 2022;scraped by:Claudius Zibrowius
10_137	Genus-4D	0	source:knotinfo;date:5 June 2022;scraped by:Claudius Zibrowius
10_138	Genus-4D	1	source:knotinfo;date:5 June 2022;scraped by:Claudius Zibrowius
10_139	Genus-4D	4	source:knotinfo;date:5 June 2022;scraped by:Claudius Zibrowius
10_140	Genus-4D	0	source:knotinfo;date:5 June 2022;scraped by:Claudius Zibrowius
10_141	Genus-4D	1	source:knotinfo;date:5 June 2022;scraped by:Claudius Zibrowius
10_142	Genus-4D	3	source:knotinfo;date:5 June 2022;scraped by:Claudius Zibrowius
10_143	Genus-4D	1	source:knotinfo;date:5 June 2022;scraped by:Claudius Zibrowius
10_144	Genus-4D	1	source:knotinfo;date:5 June 2022;scraped by:Claudius Zibrowius
10_145	Genus-4D	2	source:knotinfo;date:5 June 2022;scraped by:Claudius Zibrowius
10_146	Genus-4D	1	source:knotinfo;date:5 June 2022;scraped by:Claudius Zibrowius
10_147	Genus-4D	1	source:knotinfo;date:5 June 2022;scraped by:Claudius Zibrowius
10_148	Genus-4D	1	source:knotinfo;date:5 June 2022;scraped by:Claudius Zibrowius
10_149	Genus-4D	2	source:knotinfo;date:5 June 2022;scraped by:Claudius Zibrowius
10_150	Genus-4D	2	source:knotinfo;date:5 June 2022;scraped by:Claudius Zibrowius
10_151	Genus-4D	1	source:knotinfo;date:5 June 2022;scraped by:Claudius Zibrowius
10_152	Genus-4D	4	source:knotinfo;date:5 June 2022;scraped by:Claudius Zibrowius
10_153	Genus-4D	0	source:knotinfo;date:5 June 2022;scraped by:Claudius Zibrowius
10_154	Genus-4D	3	source:knotinfo;date:5 June 2022;scraped by:Claudius Zibrowius
10_155	Genus-4D	0	source:knotinfo;date:5 June 2022;scraped by:Claudius Zibrowius
10_156	Genus-4D	1	source:knotinfo;date:5 June 2022;scraped by:Claudius Zibrowius
10_157	Genus-4D	2	source:knotinfo;date:5 June 2022;scraped by:Claudius Zibrowius
10_158	Genus-4D	1	source:knotinfo;date:5 June 2022;scraped by:Claudius Zibrowius
10_159	Genus-4D	1	source:knotinfo;date:5 June 2022;scraped by:Claudius Zibrowius
10_160	Genus-4D	2	source:knotinfo;date:5 June 2022;scraped by:Claudius Zibrowius
10_161	Genus-4D	3	source:knotinfo;date:5 June 2022;scraped by:Claudius Zibrowius
10_162	Genus-4D	1	source:knotinfo;date:5 June 2022;scraped by:Claudius Zibrowius
10_163	Genus-4D	1	source:knotinfo;date:5 June 2022;scraped by:Claudius Zibrowius
10_164	Genus-4D	1	source:knotinfo;date:5 June 2022;scraped by:Claudius Zibrowius
10_165	Genus-4D	1	source:knotinfo;date:5 June 2022;scraped by:Claudius Zibrowius
03_1	tau	1	source:knotinfo;date:5 June 2022;scraped by:Claudius Zibrowius
04_1	tau	0	source:knotinfo;date:5 June 2022;scraped by:Claudius Zibrowius
05_1	tau	2	source:knotinfo;date:5 June 2022;scraped by:Claudius Zibrowius
05_2	tau	1	source:knotinfo;date:5 June 2022;scraped by:Claudius Zibrowius
06_1	tau	0	source:knotinfo;date:5 June 2022;scraped by:Claudius Zibrowius
06_2	tau	1	source:knotinfo;date:5 June 2022;scraped by:Claudius Zibrowius
06_3	tau	0	source:knotinfo;date:5 June 2022;scraped by:Claudius Zibrowius
07_1	tau	3	source:knotinfo;date:5 June 2022;scraped by:Claudius Zibrowius
07_2	tau	1	source:knotinfo;date:5 June 2022;scraped by:Claudius Zibrowius
07_3	tau	2	source:knotinfo;date:5 June 2022;scraped by:Claudius Zibrowius
07_4	tau	1	source:knotinfo;date:5 June 2022;scraped by:Claudius Zibrowius
07_5	tau	2	source:knotinfo;date:5 June 2022;scraped by:Claudius Zibrowius
07_6	tau	1	source:knotinfo;date:5 June 2022;scraped by:Claudius Zibrowius
07_7	tau	0	source:knotinfo;date:5 June 2022;scraped by:Claudius Zibrowius
08_1	tau	0	source:knotinfo;date:5 June 2022;scraped by:Claudius Zibrowius
08_2	tau	2	source:knotinfo;date:5 June 2022;scraped by:Claudius Zibrowius
08_3	tau	0	source:knotinfo;date:5 June 2022;scraped by:Claudius Zibrowius
08_4	tau	-1	source:knotinfo;date:5 June 2022;scraped by:Claudius Zibrowius
08_5	tau	2	source:knotinfo;date:5 June 2022;scraped by:Claudius Zibrowius
08_6	tau	1	source:knotinfo;date:5 June 2022;scraped by:Claudius Zibrowius
08_7	tau	-1	source:knotinfo;date:5 June 2022;scraped by:Claudius Zibrowius
08_8	tau	0	source:knotinfo;date:5 June 2022;scraped by:Claudius Zibrowius
08_9	tau	0	source:knotinfo;date:5 June 2022;scraped by:Claudius Zibrowius
08_10	tau	-1	source:knotinfo;date:5 June 2022;scraped by:Claudius Zibrowius
08_11	tau	1	source:knotinfo;date:5 June 2022;scraped by:Claudius Zibrowius
08_12	tau	0	source:knotinfo;date:5 June 2022;scraped by:Claudius Zibrowius
08_13	tau	0	source:knotinfo;date:5 June 2022;scraped by:Claudius Zibrowius
08_14	tau	1	source:knotinfo;date:5 June 2022;scraped by:Claudius Zibrowius
08_15	tau	2	source:knotinfo;date:5 June 2022;scraped by:Claudius Zibrowius
08_16	tau	-1	source:knotinfo;date:5 June 2022;scraped by:Claudius Zibrowius
08_17	tau	0	source:knotinfo;date:5 June 2022;scraped by:Claudius Zibrowius
08_18	tau	0	source:knotinfo;date:5 June 2022;scraped by:Claudius Zibrowius
08_19	tau	3	source:knotinfo;date:5 June 2022;scraped by:Claudius Zibrowius
08_20	tau	0	source:knotinfo;date:5 June 2022;scraped by:Claudius Zibrowius
08_21	tau	1	source:knotinfo;date:5 June 2022;scraped by:Claudius Zibrowius
09_1	tau	4	source:knotinfo;date:5 June 2022;scraped by:Claudius Zibrowius
09_2	tau	1	source:knotinfo;date:5 June 2022;scraped by:Claudius Zibrowius
09_3	tau	3	source:knotinfo;date:5 June 2022;scraped by:Claudius Zibrowius
09_4	tau	2	source:knotinfo;date:5 June 2022;scraped by:Claudius Zibrowius
09_5	tau	1	source:knotinfo;date:5 June 2022;scraped by:Claudius Zibrowius
09_6	tau	3	source:knotinfo;date:5 June 2022;scraped by:Claudius Zibrowius
09_7	tau	2	source:knotinfo;date:5 June 2022;scraped by:Claudius Zibrowius
09_8	tau	1	source:knotinfo;date:5 June 2022;scraped by:Claudius Zibrowius
09_9	tau	3	source:knotinfo;date:5 June 2022;scraped by:Claudius Zibrowius
09_10	tau	2	source:knotinfo;date:5 June 2022;scraped by:Claudius Zibrowius
09_11	tau	-2	source:knotinfo;date:5 June 2022;scraped by:Claudius Zibrowius
09_12	tau	1	source:knotinfo;date:5 June 2022;scraped by:Claudius Zibrowius
09_13	tau	2	source:knotinfo;date:5 June 2022;scraped by:Claudius Zibrowius
09_14	tau	0	source:knotinfo;date:5 June 2022;scraped by:Claudius Zibrowius
09_15	tau	-1	source:knotinfo;date:5 June 2022;scraped by:Claudius Zibrowius
09_16	tau	3	source:knotinfo;date:5 June 2022;scraped by:Claudius Zibrowius
09_17	tau	1	source:knotinfo;date:5 June 2022;scraped by:Claudius Zibrowius
09_18	tau	2	source:knotinfo;date:5 June 2022;scraped by:Claudius Zibrowius
09_19	tau	0	source:knotinfo;date:5 June 2022;scraped by:Claudius Zibrowius
09_20	tau	2	source:knotinfo;date:5 June 2022;scraped by:Claudius Zibrowius
09_21	tau	-1	source:knotinfo;date:5 June 2022;scraped by:Claudius Zibrowius
09_22	tau	1	source:knotinfo;date:5 June 2022;scraped by:Claudius Zibrowius
09_23	tau	2	source:knotinfo;date:5 June 2022;scraped by:Claudius Zibrowius
09_24	tau	0	source:knotinfo;date:5 June 2022;scraped by:Claudius Zibrowius
09_25	tau	1	source:knotinfo;date:5 June 2022;scraped by:Claudius Zibrowius
09_26	tau	-1	source:knotinfo;date:5 June 2022;scraped by:Claudius Zibrowius
09_27	tau	0	source:knotinfo;date:5 June 2022;scraped by:Claudius Zibrowius
09_28	tau	1	source:knotinfo;date:5 June 2022;scraped by:Claudius Zibrowius
09_29	tau	-1	source:knotinfo;date:5 June 2022;scraped by:Claudius Zibrowius
09_30	tau	0	source:knotinfo;date:5 June 2022;scraped by:Claudius Zibrowius
09_31	tau	1	source:knotinfo;date:5 June 2022;scraped by:Claudius Zibrowius
09_32	tau	-1	source:knotinfo;date:5 June 2022;scraped by:Claudius Zibrowius
09_33	tau	0	source:knotinfo;date:5 June 2022;scraped by:Claudius Zibrowius
09_34	tau	0	source:knotinfo;date:5 June 2022;scraped by:Claudius Zibrowius
09_35	tau	1	source:knotinfo;date:5 June 2022;scraped by:Claudius Zibrowius
09_36	tau	-2	source:knotinfo;date:5 June 2022;scraped by:Claudius Zibrowius
09_37	tau	0	source:knotinfo;date:5 June 2022;scraped by:Claudius Zibrowius
09_38	tau	2	source:knotinfo;date:5 June 2022;scraped by:Claudius Zibrowius
09_39	tau	-1	source:knotinfo;date:5 June 2022;scraped by:Claudius Zibrowius
09_40	tau	1	source:knotinfo;date:5 June 2022;scraped by:Claudius Zibrowius
09_41	tau	0	source:knotinfo;date:5 June 2022;scraped by:Claudius Zibrowius
09_42	tau	0	source:knotinfo;date:5 June 2022;scraped by:Claudius Zibrowius
09_43	tau	2	source:knotinfo;date:5 June 2022;scraped by:Claudius Zibrowius
09_44	tau	0	source:knotinfo;date:5 June 2022;scraped by:Claudius Zibrowius
09_45	tau	-1	source:knotinfo;date:5 June 2022;scraped by:Claudius Zibrowius
09_46	tau	0	source:knotinfo;date:5 June 2022;scraped by:Claudius Zibrowius
09_47	tau	1	source:knotinfo;date:5 June 2022;scraped by:Claudius Zibrowius
09_48	tau	-1	source:knotinfo;date:5 June 2022;scraped by:Claudius Zibrowius
09_49	tau	2	source:knotinfo;date:5 June 2022;scraped by:Claudius Zibrowius
10_1	tau	0	source:knotinfo;date:5 June 2022;scraped by:Claudius Zibrowius
10_2	tau	3	source:knotinfo;date:5 June 2022;scraped by:Claudius Zibrowius
10_3	tau	0	source:knotinfo;date:5 June 2022;scraped by:Claudius Zibrowius
10_4	tau	-1	source:knotinfo;date:5 June 2022;scraped by:Claudius Zibrowius
10_5	tau	-2	source:knotinfo;date:5 June 2022;scraped by:Claudius Zibrowius
10_6	tau	2	source:knotinfo;date:5 June 2022;scraped by:Claudius Zibrowius
10_7	tau	1	source:knotinfo;date:5 June 2022;scraped by:Claudius Zibrowius
10_8	tau	2	source:knotinfo;date:5 June 2022;scraped by:Claudius Zibrowius
10_9	tau	1	source:knotinfo;date:5 June 2022;scraped by:Claudius Zibrowius
10_10	tau	0	source:knotinfo;date:5 June 2022;scraped by:Claudius Zibrowius
10_11	tau	1	source:knotinfo;date:5 June 2022;scraped by:Claudius Zibrowius
10_12	tau	-1	source:knotinfo;date:5 June 2022;scraped by:Claudius Zibrowius
10_13	tau	0	source:knotinfo;date:5 June 2022;scraped by:Claudius Zibrowius
10_14	tau	2	source:knotinfo;date:5 June 2022;scraped by:Claudius Zibrowius
10_15	tau	-1	source:knotinfo;date:5 June 2022;scraped by:Claudius Zibrowius
10_16	tau	1	source:knotinfo;date:5 June 2022;scraped by:Claudius Zibrowius
10_17	tau	0	source:knotinfo;date:5 June 2022;scraped by:Claudius Zibrowius
10_18	tau	1	source:knotinfo;date:5 June 2022;scraped by:Claudius Zibrowius
10_19	tau	1	source:knotinfo;date:5 June 2022;scraped by:Claudius Zibrowius
10_20	tau	1	source:knotinfo;date:5 June 2022;scraped by:Claudius Zibrowius
10_21	tau	2	source:knotinfo;date:5 June 2022;scraped by:Claudius Zibrowius
10_22	tau	0	source:knotinfo;date:5 June 2022;scraped by:Claudius Zibrowius
10_23	tau	-1	source:knotinfo;date:5 June 2022;scraped by:Claudius Zibrowius
10_24	tau	1	source:knotinfo;date:5 June 2022;scraped by:Claudius Zibrowius
10_25	tau	2	source:knotinfo;date:5 June 2022;scraped by:Claudius Zibrowius
10_26	tau	0	source:knotinfo;date:5 June 2022;scraped by:Claudius Zibrowius
10_27	tau	-1	source:knotinfo;date:5 June 2022;scraped by:Claudius Zibrowius
10_28	tau	0	source:knotinfo;date:5 June 2022;scraped by:Claudius Zibrowius
10_29	tau	1	source:knotinfo;date:5 June 2022;scraped by:Claudius Zibrowius
10_30	tau	1	source:knotinfo;date:5 June 2022;scraped by:Claudius Zibrowius
10_31	tau	0	source:knotinfo;date:5 June 2022;scraped by:Claudius Zibrowius
10_32	tau	0	source:knotinfo;date:5 June 2022;scraped by:Claudius Zibrowius
10_33	tau	0	source:knotinfo;date:5 June 2022;scraped by:Claudius Zibrowius
10_34	tau	0	source:knotinfo;date:5 June 2022;scraped by:Claudius Zibrowius
10_35	tau	0	source:knotinfo;date:5 June 2022;scraped by:Claudius Zibrowius
10_36	tau	1	source:knotinfo;date:5 June 2022;scraped by:Claudius Zibrowius
10_37	tau	0	source:knotinfo;date:5 June 2022;scraped by:Claudius Zibrowius
10_38	tau	1	source:knotinfo;date:5 June 2022;scraped by:Claudius Zibrowius
10_39	tau	2	source:knotinfo;date:5 June 2022;scraped by:Claudius Zibrowius
10_40	tau	-1	source:knotinfo;date:5 June 2022;scraped by:Claudius Zibrowius
10_41	tau	1	source:knotinfo;date:5 June 2022;scraped by:Claudius Zibrowius
10_42	tau	0	source:knotinfo;date:5 June 2022;scraped by:Claudius Zibrowius
10_43	tau	0	source:knotinfo;date:5 June 2022;scraped by:Claudius Zibrowius
10_44	tau	1	source:knotinfo;date:5 June 2022;scraped by:Claudius Zibrowius
10_45	tau	0	source:knotinfo;date:5 June 2022;scraped by:Claudius Zibrowius
10_46	tau	3	source:knotinfo;date:5 June 2022;scraped by:Claudius Zibrowius
10_47	tau	-2	source:knotinfo;date:5 June 2022;scraped by:Claudius Zibrowius
10_48	tau	0	source:knotinfo;date:5 June 2022;scraped by:Claudius Zibrowius
10_49	tau	3	source:knotinfo;date:5 June 2022;scraped by:Claudius Zibrowius
10_50	tau	2	source:knotinfo;date:5 June 2022;scraped by:Claudius Zibrowius
10_51	tau	-1	source:knotinfo;date:5 June 2022;scraped by:Claudius Zibrowius
10_52	tau	1	source:knotinfo;date:5 June 2022;scraped by:Claudius Zibrowius
10_53	tau	2	source:knotinfo;date:5 June 2022;scraped by:Claudius Zibrowius
10_54	tau	-1	source:knotinfo;date:5 June 2022;scraped by:Claudius Zibrowius
10_55	tau	2	source:knotinfo;date:5 June 2022;scraped by:Claudius Zibrowius
10_56	tau	2	source:knotinfo;date:5 June 2022;scraped by:Claudius Zibrowius
10_57	tau	-1	source:knotinfo;date:5 June 2022;scraped by:Claudius Zibrowius
10_58	tau	0	source:knotinfo;date:5 June 2022;scraped by:Claudius Zibrowius
10_59	tau	1	source:knotinfo;date:5 June 2022;scraped by:Claudius Zibrowius
10_60	tau	0	source:knotinfo;date:5 June 2022;scraped by:Claudius Zibrowius
10_61	tau	2	source:knotinfo;date:5 June 2022;scraped by:Claudius Zibrowius
10_62	tau	-2	source:knotinfo;date:5 June 2022;scraped by:Claudius Zibrowius
10_63	tau	2	source:knotinfo;date:5 June 2022;scraped by:Claudius Zibrowius
10_64	tau	1	source:knotinfo;date:5 June 2022;scraped by:Claudius Zibrowius
10_65	tau	-1	source:knotinfo;date:5 June 2022;scraped by:Claudius Zibrowius
10_66	tau	3	source:knotinfo;date:5 June 2022;scraped by:Claudius Zibrowius
10_67	tau	1	source:knotinfo;date:5 June 2022;scraped by:Claudius Zibrowius
10_68	tau	0	source:knotinfo;date:5 June 2022;scraped by:Claudius Zibrowius
10_69	tau	-1	source:knotinfo;date:5 June 2022;scraped by:Claudius Zibrowius
10_70	tau	-1	source:knotinfo;date:5 June 2022;scraped by:Claudius Zibrowius
10_71	tau	0	source:knotinfo;date:5 June 2022;scraped by:Claudius Zibrowius
10_72	tau	2	source:knotinfo;date:5 June 2022;scraped by:Claudius Zibrowius
10_73	tau	-1	source:knotinfo;date:5 June 2022;scraped by:Claudius Zibrowius
10_74	tau	1	source:knotinfo;date:5 June 2022;scraped by:Claudius Zibrowius
10_75	tau	0	source:knotinfo;date:5 June 2022;scraped by:Claudius Zibrowius
10_76	tau	2	source:knotinfo;date:5 June 2022;scraped by:Claudius Zibrowius
10_77	tau	-1	source:knotinfo;date:5 June 2022;scraped by:Claudius Zibrowius
10_78	tau	2	source:knotinfo;date:5 June 2022;scraped by:Claudius Zibrowius
10_79	tau	0	source:knotinfo;date:5 June 2022;scraped by:Claudius Zibrowius
10_80	tau	3	source:knotinfo;date:5 June 2022;scraped by:Claudius Zibrowius
10_81	tau	0	source:knotinfo;date:5 June 2022;scraped by:Claudius Zibrowius
10_82	tau	1	source:knotinfo;date:5 June 2022;scraped by:Claudius Zibrowius
10_83	tau	-1	source:knotinfo;date:5 June 2022;scraped by:Claudius Zibrowius
10_84	tau	1	source:knotinfo;date:5 June 2022;scraped by:Claudius Zibrowius
10_85	tau	-2	source:knotinfo;date:5 June 2022;scraped by:Claudius Zibrowius
10_86	tau	0	source:knotinfo;date:5 June 2022;scraped by:Claudius Zibrowius
10_87	tau	0	source:knotinfo;date:5 June 2022;scraped by:Claudius Zibrowius
10_88	tau	0	source:knotinfo;date:5 June 2022;scraped by:Claudius Zibrowius
10_89	tau	-1	source:knotinfo;date:5 June 2022;scraped by:Claudius Zibrowius
10_90	tau	0	source:knotinfo;date:5 June 2022;scraped by:Claudius Zibrowius
10_91	tau	0	source:knotinfo;date:5 June 2022;scraped by:Claudius Zibrowius
10_92	tau	2	source:knotinfo;date:5 June 2022;scraped by:Claudius Zibrowius
10_93	tau	-1	source:knotinfo;date:5 June 2022;scraped by:Claudius Zibrowius
10_94	tau	1	source:knotinfo;date:5 June 2022;scraped by:Claudius Zibrowius
10_95	tau	-1	source:knotinfo;date:5 June 2022;scraped by:Claudius Zibrowius
10_96	tau	0	source:knotinfo;date:5 June 2022;scraped by:Claudius Zibrowius
10_97	tau	1	source:knotinfo;date:5 June 2022;scraped by:Claudius Zibrowius
10_98	tau	2	source:knotinfo;date:5 June 2022;scraped by:Claudius Zibrowius
10_99	tau	0	source:knotinfo;date:5 June 2022;scraped by:Claudius Zibrowius
10_100	tau	-2	source:knotinfo;date:5 June 2022;scraped by:Claudius Zibrowius
10_101	tau	2	source:knotinfo;date:5 June 2022;scraped by:Claudius Zibrowius
10_102	tau	0	source:knotinfo;date:5 June 2022;scraped by:Claudius Zibrowius
10_103	tau	-1	source:knotinfo;date:5 June 2022;scraped by:Claudius Zibrowius
10_104	tau	0	source:knotinfo;date:5 June 2022;scraped by:Claudius Zibrowius
10_105	tau	1	source:knotinfo;date:5 June 2022;scraped by:Claudius Zibrowius
10_106	tau	1	source:knotinfo;date:5 June 2022;scraped by:Claudius Zibrowius
10_107	tau	0	source:knotinfo;date:5 June 2022;scraped by:Claudius Zibrowius
10_108	tau	1	source:knotinfo;date:5 June 2022;scraped by:Claudius Zibrowius
10_109	tau	0	source:knotinfo;date:5 June 2022;scraped by:Claudius Zibrowius
10_110	tau	1	source:knotinfo;date:5 June 2022;scraped by:Claudius Zibrowius
10_111	tau	2	source:knotinfo;date:5 June 2022;scraped by:Claudius Zibrowius
10_112	tau	-1	source:knotinfo;date:5 June 2022;scraped by:Claudius Zibrowius
10_113	tau	1	source:knotinfo;date:5 June 2022;scraped by:Claudius Zibrowius
10_114	tau	0	source:knotinfo;date:5 June 2022;scraped by:Claudius Zibrowius
10_115	tau	0	source:knotinfo;date:5 June 2022;scraped by:Claudius Zibrowius
10_116	tau	-1	source:knotinfo;date:5 June 2022;scraped by:Claudius Zibrowius
10_117	tau	-1	source:knotinfo;date:5 June 2022;scraped by:Claudius Zibrowius
10_118	tau	0	source:knotinfo;date:5 June 2022;scraped by:Claudius Zibrowius
10_119	tau	0	source:knotinfo;date:5 June 2022;scraped by:Claudius Zibrowius
10_120	tau	2	source:knotinfo;date:5 June 2022;scraped by:Claudius Zibrowius
10_121	tau	1	source:knotinfo;date:5 June 2022;scraped by:Claudius Zibrowius
10_122	tau	0	source:knotinfo;date:5 June 2022;scraped by:Claudius Zibrowius
10_123	tau	0	source:knotinfo;date:5 June 2022;scraped by:Claudius Zibrowius
10_124	tau	4	source:knotinfo;date:5 June 2022;scraped by:Claudius Zibrowius
10_125	tau	-1	source:knotinfo;date:5 June 2022;scraped by:Claudius Zibrowius
10_126	tau	-1	source:knotinfo;date:5 June 2022;scraped by:Claudius Zibrowius
10_127	tau	2	source:knotinfo;date:5 June 2022;scraped by:Claudius Zibrowius
10_128	tau	3	source:knotinfo;date:5 June 2022;scraped by:Claudius Zibrowius
10_129	tau	0	source:knotinfo;date:5 June 2022;scraped by:Claudius Zibrowius
10_130	tau	0	source:knotinfo;date:5 June 2022;scraped by:Claudius Zibrowius
10_131	tau	1	source:knotinfo;date:5 June 2022;scraped by:Claudius Zibrowius
10_132	tau	-1	source:knotinfo;date:5 June 2022;scraped by:Claudius Zibrowius
10_133	tau	1	source:knotinfo;date:5 June 2022;scraped by:Claudius Zibrowius
10_134	tau	3	source:knotinfo;date:5 June 2022;scraped by:Claudius Zibrowius
10_135	tau	0	source:knotinfo;date:5 June 2022;scraped by:Claudius Zibrowius
10_136	tau	0	source:knotinfo;date:5 June 2022;scraped by:Claudius Zibrowius
10_137	tau	0	source:knotinfo;date:5 June 2022;scraped by:Claudius Zibrowius
10_138	tau	1	source:knotinfo;date:5 June 2022;scraped by:Claudius Zibrowius
10_139	tau	4	source:knotinfo;date:5 June 2022;scraped by:Claudius Zibrowius
10_140	tau	0	source:knotinfo;date:5 June 2022;scraped by:Claudius Zibrowius
10_141	tau	0	source:knotinfo;date:5 June 2022;scraped by:Claudius Zibrowius
10_142	tau	3	source:knotinfo;date:5 June 2022;scraped by:Claudius Zibrowius
10_143	tau	-1	source:knotinfo;date:5 June 2022;scraped by:Claudius Zibrowius
10_144	tau	1	source:knotinfo;date:5 June 2022;scraped by:Claudius Zibrowius
10_145	tau	-2	source:knotinfo;date:5 June 2022;scraped by:Claudius Zibrowius
10_146	tau	0	source:knotinfo;date:5 June 2022;scraped by:Claudius Zibrowius
10_147	tau	1	source:knotinfo;date:5 June 2022;scraped by:Claudius Zibrowius
10_148	tau	-1	source:knotinfo;date:5 June 2022;scraped by:Claudius Zibrowius
10_149	tau	2	source:knotinfo;date:5 June 2022;scraped by:Claudius Zibrowius
10_150	tau	2	source:knotinfo;date:5 June 2022;scraped by:Claudius Zibrowius
10_151	tau	-1	source:knotinfo;date:5 June 2022;scraped by:Claudius Zibrowius
10_152	tau	4	source:knotinfo;date:5 June 2022;scraped by:Claudius Zibrowius
10_153	tau	0	source:knotinfo;date:5 June 2022;scraped by:Claudius Zibrowius
10_154	tau	3	source:knotinfo;date:5 June 2022;scraped by:Claudius Zibrowius
10_155	tau	0	source:knotinfo;date:5 June 2022;scraped by:Claudius Zibrowius
10_156	tau	-1	source:knotinfo;date:5 June 2022;scraped by:Claudius Zibrowius
10_157	tau	-2	source:knotinfo;date:5 June 2022;scraped by:Claudius Zibrowius
10_158	tau	0	source:knotinfo;date:5 June 2022;scraped by:Claudius Zibrowius
10_159	tau	1	source:knotinfo;date:5 June 2022;scraped by:Claudius Zibrowius
10_160	tau	2	source:knotinfo;date:5 June 2022;scraped by:Claudius Zibrowius
10_161	tau	3	source:knotinfo;date:5 June 2022;scraped by:Claudius Zibrowius
10_162	tau	-1	source:knotinfo;date:5 June 2022;scraped by:Claudius Zibrowius
10_163	tau	1	source:knotinfo;date:5 June 2022;scraped by:Claudius Zibrowius
10_164	tau	0	source:knotinfo;date:5 June 2022;scraped by:Claudius Zibrowius
10_165	tau	-1	source:knotinfo;date:5 June 2022;scraped by:Claudius Zibrowius
03_1	epsilon	1	source:knotinfo;date:5 June 2022;scraped by:Claudius Zibrowius
04_1	epsilon	0	source:knotinfo;date:5 June 2022;scraped by:Claudius Zibrowius
05_1	epsilon	1	source:knotinfo;date:5 June 2022;scraped by:Claudius Zibrowius
05_2	epsilon	1	source:knotinfo;date:5 June 2022;scraped by:Claudius Zibrowius
06_1	epsilon	0	source:knotinfo;date:5 June 2022;scraped by:Claudius Zibrowius
06_2	epsilon	1	source:knotinfo;date:5 June 2022;scraped by:Claudius Zibrowius
06_3	epsilon	0	source:knotinfo;date:5 June 2022;scraped by:Claudius Zibrowius
07_1	epsilon	1	source:knotinfo;date:5 June 2022;scraped by:Claudius Zibrowius
07_2	epsilon	1	source:knotinfo;date:5 June 2022;scraped by:Claudius Zibrowius
07_3	epsilon	1	source:knotinfo;date:5 June 2022;scraped by:Claudius Zibrowius
07_4	epsilon	1	source:knotinfo;date:5 June 2022;scraped by:Claudius Zibrowius
07_5	epsilon	1	source:knotinfo;date:5 June 2022;scraped by:Claudius Zibrowius
07_6	epsilon	1	source:knotinfo;date:5 June 2022;scraped by:Claudius Zibrowius
07_7	epsilon	0	source:knotinfo;date:5 June 2022;scraped by:Claudius Zibrowius
08_1	epsilon	0	source:knotinfo;date:5 June 2022;scraped by:Claudius Zibrowius
08_2	epsilon	1	source:knotinfo;date:5 June 2022;scraped by:Claudius Zibrowius
08_3	epsilon	0	source:knotinfo;date:5 June 2022;scraped by:Claudius Zibrowius
08_4	epsilon	-1	source:knotinfo;date:5 June 2022;scraped by:Claudius Zibrowius
08_5	epsilon	1	source:knotinfo;date:5 June 2022;scraped by:Claudius Zibrowius
08_6	epsilon	1	source:knotinfo;date:5 June 2022;scraped by:Claudius Zibrowius
08_7	epsilon	-1	source:knotinfo;date:5 June 2022;scraped by:Claudius Zibrowius
08_8	epsilon	0	source:knotinfo;date:5 June 2022;scraped by:Claudius Zibrowius
08_9	epsilon	0	source:knotinfo;date:5 June 2022;scraped by:Claudius Zibrowius
08_10	epsilon	-1	source:knotinfo;date:5 June 2022;scraped by:Claudius Zibrowius
08_11	epsilon	1	source:knotinfo;date:5 June 2022;scraped by:Claudius Zibrowius
08_12	epsilon	0	source:knotinfo;date:5 June 2022;scraped by:Claudius Zibrowius
08_13	epsilon	0	source:knotinfo;date:5 June 2022;scraped by:Claudius Zibrowius
08_14	epsilon	1	source:knotinfo;date:5 June 2022;scraped by:Claudius Zibrowius
08_15	epsilon	1	source:knotinfo;date:5 June 2022;scraped by:Claudius Zibrowius
08_16	epsilon	-1	source:knotinfo;date:5 June 2022;scraped by:Claudius Zibrowius
08_17	epsilon	0	source:knotinfo;date:5 June 2022;scraped by:Claudius Zibrowius
08_18	epsilon	0	source:knotinfo;date:5 June 2022;scraped by:Claudius Zibrowius
08_19	epsilon	1	source:knotinfo;date:5 June 2022;scraped by:Claudius Zibrowius
08_20	epsilon	0	source:knotinfo;date:5 June 2022;scraped by:Claudius Zibrowius
08_21	epsilon	1	source:knotinfo;date:5 June 2022;scraped by:Claudius Zibrowius
09_1	epsilon	1	source:knotinfo;date:5 June 2022;scraped by:Claudius Zibrowius
09_2	epsilon	1	source:knotinfo;date:5 June 2022;scraped by:Claudius Zibrowius
09_3	epsilon	1	source:knotinfo;date:5 June 2022;scraped by:Claudius Zibrowius
09_4	epsilon	1	source:knotinfo;date:5 June 2022;scraped by:Claudius Zibrowius
09_5	epsilon	1	source:knotinfo;date:5 June 2022;scraped by:Claudius Zibrowius
09_6	epsilon	1	source:knotinfo;date:5 June 2022;scraped by:Claudius Zibrowius
09_7	epsilon	1	source:knotinfo;date:5 June 2022;scraped by:Claudius Zibrowius
09_8	epsilon	1	source:knotinfo;date:5 June 2022;scraped by:Claudius Zibrowius
09_9	epsilon	1	source:knotinfo;date:5 June 2022;scraped by:Claudius Zibrowius
09_10	epsilon	1	source:knotinfo;date:5 June 2022;scraped by:Claudius Zibrowius
09_11	epsilon	-1	source:knotinfo;date:5 June 2022;scraped by:Claudius Zibrowius
09_12	epsilon	1	source:knotinfo;date:5 June 2022;scraped by:Claudius Zibrowius
09_13	epsilon	1	source:knotinfo;date:5 June 2022;scraped by:Claudius Zibrowius
09_14	epsilon	0	source:knotinfo;date:5 June 2022;scraped by:Claudius Zibrowius
09_15	epsilon	-1	source:knotinfo;date:5 June 2022;scraped by:Claudius Zibrowius
09_16	epsilon	1	source:knotinfo;date:5 June 2022;scraped by:Claudius Zibrowius
09_17	epsilon	1	source:knotinfo;date:5 June 2022;scraped by:Claudius Zibrowius
09_18	epsilon	1	source:knotinfo;date:5 June 2022;scraped by:Claudius Zibrowius
09_19	epsilon	0	source:knotinfo;date:5 June 2022;scraped by:Claudius Zibrowius
09_20	epsilon	1	source:knotinfo;date:5 June 2022;scraped by:Claudius Zibrowius
09_21	epsilon	-1	source:knotinfo;date:5 June 2022;scraped by:Claudius Zibrowius
09_22	epsilon	1	source:knotinfo;date:5 June 2022;scraped by:Claudius Zibrowius
09_23	epsilon	1	source:knotinfo;date:5 June 2022;scraped by:Claudius Zibrowius
09_24	epsilon	0	source:knotinfo;date:5 June 2022;scraped by:Claudius Zibrowius
09_25	epsilon	1	source:knotinfo;date:5 June 2022;scraped by:Claudius Zibrowius
09_26	epsilon	-1	source:knotinfo;date:5 June 2022;scraped by:Claudius Zibrowius
09_27	epsilon	0	source:knotinfo;date:5 June 2022;scraped by:Claudius Zibrowius
09_28	epsilon	1	source:knotinfo;date:5 June 2022;scraped by:Claudius Zibrowius
09_29	epsilon	-1	source:knotinfo;date:5 June 2022;scraped by:Claudius Zibrowius
09_30	epsilon	0	source:knotinfo;date:5 June 2022;scraped by:Claudius Zibrowius
09_31	epsilon	1	source:knotinfo;date:5 June 2022;scraped by:Claudius Zibrowius
09_32	epsilon	-1	source:knotinfo;date:5 June 2022;scraped by:Claudius Zibrowius
09_33	epsilon	0	source:knotinfo;date:5 June 2022;scraped by:Claudius Zibrowius
09_34	epsilon	0	source:knotinfo;date:5 June 2022;scraped by:Claudius Zibrowius
09_35	epsilon	1	source:knotinfo;date:5 June 2022;scraped by:Claudius Zibrowius
09_36	epsilon	-1	source:knotinfo;date:5 June 2022;scraped by:Claudius Zibrowius
09_37	epsilon	0	source:knotinfo;date:5 June 2022;scraped by:Claudius Zibrowius
09_38	epsilon	1	source:knotinfo;date:5 June 2022;scraped by:Claudius Zibrowius
09_39	epsilon	-1	source:knotinfo;date:5 June 2022;scraped by:Claudius Zibrowius
09_40	epsilon	1	source:knotinfo;date:5 June 2022;scraped by:Claudius Zibrowius
09_41	epsilon	0	source:knotinfo;date:5 June 2022;scraped by:Claudius Zibrowius
09_42	epsilon	0	source:knotinfo;date:5 June 2022;scraped by:Claudius Zibrowius
09_43	epsilon	1	source:knotinfo;date:5 June 2022;scraped by:Claudius Zibrowius
09_44	epsilon	0	source:knotinfo;date:5 June 2022;scraped by:Claudius Zibrowius
09_45	epsilon	-1	source:knotinfo;date:5 June 2022;scraped by:Claudius Zibrowius
09_46	epsilon	0	source:knotinfo;date:5 June 2022;scraped by:Claudius Zibrowius
09_47	epsilon	1	source:knotinfo;date:5 June 2022;scraped by:Claudius Zibrowius
09_48	epsilon	-1	source:knotinfo;date:5 June 2022;scraped by:Claudius Zibrowius
09_49	epsilon	1	source:knotinfo;date:5 June 2022;scraped by:Claudius Zibrowius
10_1	epsilon	0	source:knotinfo;date:5 June 2022;scraped by:Claudius Zibrowius
10_2	epsilon	1	source:knotinfo;date:5 June 2022;scraped by:Claudius Zibrowius
10_3	epsilon	0	source:knotinfo;date:5 June 2022;scraped by:Claudius Zibrowius
10_4	epsilon	-1	source:knotinfo;date:5 June 2022;scraped by:Claudius Zibrowius
10_5	epsilon	-1	source:knotinfo;date:5 June 2022;scraped by:Claudius Zibrowius
10_6	epsilon	1	source:knotinfo;date:5 June 2022;scraped by:Claudius Zibrowius
10_7	epsilon	1	source:knotinfo;date:5 June 2022;scraped by:Claudius Zibrowius
10_8	epsilon	1	source:knotinfo;date:5 June 2022;scraped by:Claudius Zibrowius
10_9	epsilon	1	source:knotinfo;date:5 June 2022;scraped by:Claudius Zibrowius
10_10	epsilon	0	source:knotinfo;date:5 June 2022;scraped by:Claudius Zibrowius
10_11	epsilon	1	source:knotinfo;date:5 June 2022;scraped by:Claudius Zibrowius
10_12	epsilon	-1	source:knotinfo;date:5 June 2022;scraped by:Claudius Zibrowius
10_13	epsilon	0	source:knotinfo;date:5 June 2022;scraped by:Claudius Zibrowius
10_14	epsilon	1	source:knotinfo;date:5 June 2022;scraped by:Claudius Zibrowius
10_15	epsilon	-1	source:knotinfo;date:5 June 2022;scraped by:Claudius Zibrowius
10_16	epsilon	1	source:knotinfo;date:5 June 2022;scraped by:Claudius Zibrowius
10_17	epsilon	0	source:knotinfo;date:5 June 2022;scraped by:Claudius Zibrowius
10_18	epsilon	1	source:knotinfo;date:5 June 2022;scraped by:Claudius Zibrowius
10_19	epsilon	1	source:knotinfo;date:5 June 2022;scraped by:Claudius Zibrowius
10_20	epsilon	1	source:knotinfo;date:5 June 2022;scraped by:Claudius Zibrowius
10_21	epsilon	1	source:knotinfo;date:5 June 2022;scraped by:Claudius Zibrowius
10_22	epsilon	0	source:knotinfo;date:5 June 2022;scraped by:Claudius Zibrowius
10_23	epsilon	-1	source:knotinfo;date:5 June 2022;scraped by:Claudius Zibrowius
10_24	epsilon	1	source:knotinfo;date:5 June 2022;scraped by:Claudius Zibrowius
10_25	epsilon	1	source:knotinfo;date:5 June 2022;scraped by:Claudius Zibrowius
10_26	epsilon	0	source:knotinfo;date:5 June 2022;scraped by:Claudius Zibrowius
10_27	epsilon	-1	source:knotinfo;date:5 June 2022;scraped by:Claudius Zibrowius
10_28	epsilon	0	source:knotinfo;date:5 June 2022;scraped by:Claudius Zibrowius
10_29	epsilon	1	source:knotinfo;date:5 June 2022;scraped by:Claudius Zibrowius
10_30	epsilon	1	source:knotinfo;date:5 June 2022;scraped by:Claudius Zibrowius
10_31	epsilon	0	source:knotinfo;date:5 June 2022;scraped by:Claudius Zibrowius
10_32	epsilon	0	source:knotinfo;date:5 June 2022;scraped by:Claudius Zibrowius
10_33	epsilon	0	source:knotinfo;date:5 June 2022;scraped by:Claudius Zibrowius
10_34	epsilon	0	source:knotinfo;date:5 June 2022;scraped by:Claudius Zibrowius
10_35	epsilon	0	source:knotinfo;date:5 June 2022;scraped by:Claudius Zibrowius
10_36	epsilon	1	source:knotinfo;date:5 June 2022;scraped by:Claudius Zibrowius
10_37	epsilon	0	source:knotinfo;date:5 June 2022;scraped by:Claudius Zibrowius
10_38	epsilon	1	source:knotinfo;date:5 June 2022;scraped by:Claudius Zibrowius
10_39	epsilon	1	source:knotinfo;date:5 June 2022;scraped by:Claudius Zibrowius
10_40	epsilon	-1	source:knotinfo;date:5 June 2022;scraped by:Claudius Zibrowius
10_41	epsilon	1	source:knotinfo;date:5 June 2022;scraped by:Claudius Zibrowius
10_42	epsilon	0	source:knotinfo;date:5 June 2022;scraped by:Claudius Zibrowius
10_43	epsilon	0	source:knotinfo;date:5 June 2022;scraped by:Claudius Zibrowius
10_44	epsilon	1	source:knotinfo;date:5 June 2022;scraped by:Claudius Zibrowius
10_45	epsilon	0	source:knotinfo;date:5 June 2022;scraped by:Claudius Zibrowius
10_46	epsilon	1	source:knotinfo;date:5 June 2022;scraped by:Claudius Zibrowius
10_47	epsilon	-1	source:knotinfo;date:5 June 2022;scraped by:Claudius Zibrowius
10_48	epsilon	0	source:knotinfo;date:5 June 2022;scraped by:Claudius Zibrowius
10_49	epsilon	1	source:knotinfo;date:5 June 2022;scraped by:Claudius Zibrowius
10_50	epsilon	1	source:knotinfo;date:5 June 2022;scraped by:Claudius Zibrowius
10_51	epsilon	-1	source:knotinfo;date:5 June 2022;scraped by:Claudius Zibrowius
10_52	epsilon	1	source:knotinfo;date:5 June 2022;scraped by:Claudius Zibrowius
10_53	epsilon	1	source:knotinfo;date:5 June 2022;scraped by:Claudius Zibrowius
10_54	epsilon	-1	source:knotinfo;date:5 June 2022;scraped by:Claudius Zibrowius
10_55	epsilon	1	source:knotinfo;date:5 June 2022;scraped by:Claudius Zibrowius
10_56	epsilon	1	source:knotinfo;date:5 June 2022;scraped by:Claudius Zibrowius
10_57	epsilon	-1	source:knotinfo;date:5 June 2022;scraped by:Claudius Zibrowius
10_58	epsilon	0	source:knotinfo;date:5 June 2022;scraped by:Claudius Zibrowius
10_59	epsilon	1	source:knotinfo;date:5 June 2022;scraped by:Claudius Zibrowius
10_60	epsilon	0	source:knotinfo;date:5 June 2022;scraped by:Claudius Zibrowius
10_61	epsilon	1	source:knotinfo;date:5 June 2022;scraped by:Claudius Zibrowius
10_62	epsilon	-1	source:knotinfo;date:5 June 2022;scraped by:Claudius Zibrowius
10_63	epsilon	1	source:knotinfo;date:5 June 2022;scraped by:Claudius Zibrowius
10_64	epsilon	1	source:knotinfo;date:5 June 2022;scraped by:Claudius Zibrowius
10_65	epsilon	-1	source:knotinfo;date:5 June 2022;scraped by:Claudius Zibrowius
10_66	epsilon	1	source:knotinfo;date:5 June 2022;scraped by:Claudius Zibrowius
10_67	epsilon	1	source:knotinfo;date:5 June 2022;scraped by:Claudius Zibrowius
10_68	epsilon	0	source:knotinfo;date:5 June 2022;scraped by:Claudius Zibrowius
10_69	epsilon	-1	source:knotinfo;date:5 June 2022;scraped by:Claudius Zibrowius
10_70	epsilon	-1	source:knotinfo;date:5 June 2022;scraped by:Claudius Zibrowius
10_71	epsilon	0	source:knotinfo;date:5 June 2022;scraped by:Claudius Zibrowius
10_72	epsilon	1	source:knotinfo;date:5 June 2022;scraped by:Claudius Zibrowius
10_73	epsilon	-1	source:knotinfo;date:5 June 2022;scraped by:Claudius Zibrowius
10_74	epsilon	1	source:knotinfo;date:5 June 2022;scraped by:Claudius Zibrowius
10_75	epsilon	0	source:knotinfo;date:5 June 2022;scraped by:Claudius Zibrowius
10_76	epsilon	1	source:knotinfo;date:5 June 2022;scraped by:Claudius Zibrowius
10_77	epsilon	-1	source:knotinfo;date:5 June 2022;scraped by:Claudius Zibrowius
10_78	epsilon	1	source:knotinfo;date:5 June 2022;scraped by:Claudius Zibrowius
10_79	epsilon	0	source:knotinfo;date:5 June 2022;scraped by:Claudius Zibrowius
10_80	epsilon	1	source:knotinfo;date:5 June 2022;scraped by:Claudius Zibrowius
10_81	epsilon	0	source:knotinfo;date:5 June 2022;scraped by:Claudius Zibrowius
10_82	epsilon	1	source:knotinfo;date:5 June 2022;scraped by:Claudius Zibrowius
10_83	epsilon	-1	source:knotinfo;date:5 June 2022;scraped by:Claudius Zibrowius
10_84	epsilon	1	source:knotinfo;date:5 June 2022;scraped by:Claudius Zibrowius
10_85	epsilon	-1	source:knotinfo;date:5 June 2022;scraped by:Claudius Zibrowius
10_86	epsilon	0	source:knotinfo;date:5 June 2022;scraped by:Claudius Zibrowius
10_87	epsilon	0	source:knotinfo;date:5 June 2022;scraped by:Claudius Zibrowius
10_88	epsilon	0	source:knotinfo;date:5 June 2022;scraped by:Claudius Zibrowius
10_89	epsilon	-1	source:knotinfo;date:5 June 2022;scraped by:Claudius Zibrowius
10_90	epsilon	0	source:knotinfo;date:5 June 2022;scraped by:Claudius Zibrowius
10_91	epsilon	0	source:knotinfo;date:5 June 2022;scraped by:Claudius Zibrowius
10_92	epsilon	1	source:knotinfo;date:5 June 2022;scraped by:Claudius Zibrowius
10_93	epsilon	-1	source:knotinfo;date:5 June 2022;scraped by:Claudius Zibrowius
10_94	epsilon	1	source:knotinfo;date:5 June 2022;scraped by:Claudius Zibrowius
10_95	epsilon	-1	source:knotinfo;date:5 June 2022;scraped by:Claudius Zibrowius
10_96	epsilon	0	source:knotinfo;date:5 June 2022;scraped by:Claudius Zibrowius
10_97	epsilon	1	source:knotinfo;date:5 June 2022;scraped by:Claudius Zibrowius
10_98	epsilon	1	source:knotinfo;date:5 June 2022;scraped by:Claudius Zibrowius
10_99	epsilon	0	source:knotinfo;date:5 June 2022;scraped by:Claudius Zibrowius
10_100	epsilon	-1	source:knotinfo;date:5 June 2022;scraped by:Claudius Zibrowius
10_101	epsilon	1	source:knotinfo;date:5 June 2022;scraped by:Claudius Zibrowius
10_102	epsilon	0	source:knotinfo;date:5 June 2022;scraped by:Claudius Zibrowius
10_103	epsilon	-1	source:knotinfo;date:5 June 2022;scraped by:Claudius Zibrowius
10_104	epsilon	0	source:knotinfo;date:5 June 2022;scraped by:Claudius Zibrowius
10_105	epsilon	1	source:knotinfo;date:5 June 2022;scraped by:Claudius Zibrowius
10_106	epsilon	1	source:knotinfo;date:5 June 2022;scraped by:Claudius Zibrowius
10_107	epsilon	0	source:knotinfo;date:5 June 2022;scraped by:Claudius Zibrowius
10_108	epsilon	1	source:knotinfo;date:5 June 2022;scraped by:Claudius Zibrowius
10_109	epsilon	0	source:knotinfo;date:5 June 2022;scraped by:Claudius Zibrowius
10_110	epsilon	1	source:knotinfo;date:5 June 2022;scraped by:Claudius Zibrowius
10_111	epsilon	1	source:knotinfo;date:5 June 2022;scraped by:Claudius Zibrowius
10_112	epsilon	-1	source:knotinfo;date:5 June 2022;scraped by:Claudius Zibrowius
10_113	epsilon	1	source:knotinfo;date:5 June 2022;scraped by:Claudius Zibrowius
10_114	epsilon	0	source:knotinfo;date:5 June 2022;scraped by:Claudius Zibrowius
10_115	epsilon	0	source:knotinfo;date:5 June 2022;scraped by:Claudius Zibrowius
10_116	epsilon	-1	source:knotinfo;date:5 June 2022;scraped by:Claudius Zibrowius
10_117	epsilon	-1	source:knotinfo;date:5 June 2022;scraped by:Claudius Zibrowius
10_118	epsilon	0	source:knotinfo;date:5 June 2022;scraped by:Claudius Zibrowius
10_119	epsilon	0	source:knotinfo;date:5 June 2022;scraped by:Claudius Zibrowius
10_120	epsilon	1	source:knotinfo;date:5 June 2022;scraped by:Claudius Zibrowius
10_121	epsilon	1	source:knotinfo;date:5 June 2022;scraped by:Claudius Zibrowius
10_122	epsilon	0	source:knotinfo;date:5 June 2022;scraped by:Claudius Zibrowius
10_123	epsilon	0	source:knotinfo;date:5 June 2022;scraped by:Claudius Zibrowius
10_124	epsilon	1	source:knotinfo;date:5 June 2022;scraped by:Claudius Zibrowius
10_125	epsilon	-1	source:knotinfo;date:5 June 2022;scraped by:Claudius Zibrowius
10_126	epsilon	-1	source:knotinfo;date:5 June 2022;scraped by:Claudius Zibrowius
10_127	epsilon	1	source:knotinfo;date:5 June 2022;scraped by:Claudius Zibrowius
10_128	epsilon	1	source:knotinfo;date:5 June 2022;scraped by:Claudius Zibrowius
10_129	epsilon	0	source:knotinfo;date:5 June 2022;scraped by:Claudius Zibrowius
10_130	epsilon	0	source:knotinfo;date:5 June 2022;scraped by:Claudius Zibrowius
10_131	epsilon	1	source:knotinfo;date:5 June 2022;scraped by:Claudius Zibrowius
10_132	epsilon	-1	source:knotinfo;date:5 June 2022;scraped by:Claudius Zibrowius
10_133	epsilon	1	source:knotinfo;date:5 June 2022;scraped by:Claudius Zibrowius
10_134	epsilon	1	source:knotinfo;date:5 June 2022;scraped by:Claudius Zibrowius
10_135	epsilon	0	source:knotinfo;date:5 June 2022;scraped by:Claudius Zibrowius
10_136	epsilon	0	source:knotinfo;date:5 June 2022;scraped by:Claudius Zibrowius
10_137	epsilon	0	source:knotinfo;date:5 June 2022;scraped by:Claudius Zibrowius
10_138	epsilon	1	source:knotinfo;date:5 June 2022;scraped by:Claudius Zibrowius
10_139	epsilon	1	source:knotinfo;date:5 June 2022;scraped by:Claudius Zibrowius
10_140	epsilon	0	source:knotinfo;date:5 June 2022;scraped by:Claudius Zibrowius
10_141	epsilon	0	source:knotinfo;date:5 June 2022;scraped by:Claudius Zibrowius
10_142	epsilon	1	source:knotinfo;date:5 June 2022;scraped by:Claudius Zibrowius
10_143	epsilon	-1	source:knotinfo;date:5 June 2022;scraped by:Claudius Zibrowius
10_144	epsilon	1	source:knotinfo;date:5 June 2022;scraped by:Claudius Zibrowius
10_145	epsilon	-1	source:knotinfo;date:5 June 2022;scraped by:Claudius Zibrowius
10_146	epsilon	0	source:knotinfo;date:5 June 2022;scraped by:Claudius Zibrowius
10_147	epsilon	1	source:knotinfo;date:5 June 2022;scraped by:Claudius Zibrowius
10_148	epsilon	-1	source:knotinfo;date:5 June 2022;scraped by:Claudius Zibrowius
10_149	epsilon	1	source:knotinfo;date:5 June 2022;scraped by:Claudius Zibrowius
10_150	epsilon	1	source:knotinfo;date:5 June 2022;scraped by:Claudius Zibrowius
10_151	epsilon	-1	source:knotinfo;date:5 June 2022;scraped by:Claudius Zibrowius
10_152	epsilon	1	source:knotinfo;date:5 June 2022;scraped by:Claudius Zibrowius
10_153	epsilon	0	source:knotinfo;date:5 June 2022;scraped by:Claudius Zibrowius
10_154	epsilon	1	source:knotinfo;date:5 June 2022;scraped by:Claudius Zibrowius
10_155	epsilon	0	source:knotinfo;date:5 June 2022;scraped by:Claudius Zibrowius
10_156	epsilon	-1	source:knotinfo;date:5 June 2022;scraped by:Claudius Zibrowius
10_157	epsilon	-1	source:knotinfo;date:5 June 2022;scraped by:Claudius Zibrowius
10_158	epsilon	0	source:knotinfo;date:5 June 2022;scraped by:Claudius Zibrowius
10_159	epsilon	1	source:knotinfo;date:5 June 2022;scraped by:Claudius Zibrowius
10_160	epsilon	1	source:knotinfo;date:5 June 2022;scraped by:Claudius Zibrowius
10_161	epsilon	1	source:knotinfo;date:5 June 2022;scraped by:Claudius Zibrowius
10_162	epsilon	-1	source:knotinfo;date:5 June 2022;scraped by:Claudius Zibrowius
10_163	epsilon	1	source:knotinfo;date:5 June 2022;scraped by:Claudius Zibrowius
10_164	epsilon	0	source:knotinfo;date:5 June 2022;scraped by:Claudius Zibrowius
10_165	epsilon	-1	source:knotinfo;date:5 June 2022;scraped by:Claudius Zibrowius
03_1	s_2	2	program:kht++ v0.1-53-g46e86f4;options:-c2;input:r1.y0.y0.x1.u0,1
03_1	theta_2	4	program:kht++ v0.1-53-g46e86f4;options:-c2-d;input:r1.y0.y0.x1.u0,1
03_1	theta_3	3	program:kht++ v0.1-53-g46e86f4;options:-c3-d;input:r1.y0.y0.x1.u0,1
03_1	theta_5	3	program:kht++ v0.1-53-g46e86f4;options:-c5-d;input:r1.y0.y0.x1.u0,1
03_1	theta_7	3	program:kht++ v0.1-53-g46e86f4;options:-c7-d;input:r1.y0.y0.x1.u0,1
03_1	torus	2,3	author:Claudius Zibrowius
03_1	This is the trefoil knot.
04_1	s_2	0	program:kht++ v0.1-53-g46e86f4;options:-c2;input:r1.y0.x1.y0.y0.u1,1
04_1	theta_2	0	program:kht++ v0.1-53-g46e86f4;options:-c2-d;input:r1.y0.x1.y0.y0.u1,1
04_1	theta_3	0	program:kht++ v0.1-53-g46e86f4;options:-c3-d;input:r1.y0.x1.y0.y0.u1,1
04_1	theta_5	0	program:kht++ v0.1-53-g46e86f4;options:-c5-d;input:r1.y0.x1.y0.y0.u1,1
04_1	theta_7	0	program:kht++ v0.1-53-g46e86f4;options:-c7-d;input:r1.y0.x1.y0.y0.u1,1
05_1	s_2	4	program:kht++ v0.1-53-g46e86f4;options:-c2;input:r0.x1.y0.y0.y0.x1.u0,1
05_1	theta_2	8	program:kht++ v0.1-53-g46e86f4;options:-c2-d;input:r0.x1.y0.y0.y0.x1.u0,1
05_1	theta_3	6	program:kht++ v0.1-53-g46e86f4;options:-c3-d;input:r0.x1.y0.y0.y0.x1.u0,1
05_1	theta_5	6	program:kht++ v0.1-53-g46e86f4;options:-c5-d;input:r0.x1.y0.y0.y0.x1.u0,1
05_1	theta_7	6	program:kht++ v0.1-53-g46e86f4;options:-c7-d;input:r0.x1.y0.y0.y0.x1.u0,1
05_1	torus	2,5	author:Claudius Zibrowius
05_2	s_2	2	program:kht++ v0.1-53-g46e86f4;options:-c2;input:r1.y0.y0.x1.x1.x1.u0,1
05_2	theta_2	4	program:kht++ v0.1-53-g46e86f4;options:-c2-d;input:r1.y0.y0.x1.x1.x1.u0,1
05_2	theta_3	3	program:kht++ v0.1-53-g46e86f4;options:-c3-d;input:r1.y0.y0.x1.x1.x1.u0,1
05_2	theta_5	3	program:kht++ v0.1-53-g46e86f4;options:-c5-d;input:r1.y0.y0.x1.x1.x1.u0,1
05_2	theta_7	3	program:kht++ v0.1-53-g46e86f4;options:-c7-d;input:r1.y0.y0.x1.x1.x1.u0,1
06_1	s_2	0	program:kht++ v0.1-53-g46e86f4;options:-c2;input:r1.r2.x1.y2.y2.y1.y3.y2.x3.y2.u1.u0,1
06_1	theta_2	0	program:kht++ v0.1-53-g46e86f4;options:-c2-d;input:r1.r2.x1.y2.y2.y1.y3.y2.x3.y2.u1.u0,1
06_1	theta_3	0	program:kht++ v0.1-53-g46e86f4;options:-c3-d;input:r1.r2.x1.y2.y2.y1.y3.y2.x3.y2.u1.u0,1
06_1	theta_5	0	program:kht++ v0.1-53-g46e86f4;options:-c5-d;input:r1.r2.x1.y2.y2.y1.y3.y2.x3.y2.u1.u0,1
06_1	theta_7	0	program:kht++ v0.1-53-g46e86f4;options:-c7-d;input:r1.r2.x1.y2.y2.y1.y3.y2.x3.y2.u1.u0,1
06_2	s_2	2	program:kht++ v0.1-53-g46e86f4;options:-c2;input:r0.x1.r2.x3.y2.y0.x1.u0.x1.u0,1
06_2	theta_2	4	program:kht++ v0.1-53-g46e86f4;options:-c2-d;input:r0.x1.r2.x3.y2.y0.x1.u0.x1.u0,1
06_2	theta_3	3	program:kht++ v0.1-53-g46e86f4;options:-c3-d;input:r0.x1.r2.x3.y2.y0.x1.u0.x1.u0,1
06_2	theta_5	3	program:kht++ v0.1-53-g46e86f4;options:-c5-d;input:r0.x1.r2.x3.y2.y0.x1.u0.x1.u0,1
06_2	theta_7	3	program:kht++ v0.1-53-g46e86f4;options:-c7-d;input:r0.x1.r2.x3.y2.y0.x1.u0.x1.u0,1
06_3	s_2	0	program:kht++ v0.1-53-g46e86f4;options:-c2;input:r1.r2.x1.y0.y0.x1.y0.x3.u2.u1,1
06_3	theta_2	0	program:kht++ v0.1-53-g46e86f4;options:-c2-d;input:r1.r2.x1.y0.y0.x1.y0.x3.u2.u1,1
06_3	theta_3	0	program:kht++ v0.1-53-g46e86f4;options:-c3-d;input:r1.r2.x1.y0.y0.x1.y0.x3.u2.u1,1
06_3	theta_5	0	program:kht++ v0.1-53-g46e86f4;options:-c5-d;input:r1.r2.x1.y0.y0.x1.y0.x3.u2.u1,1
06_3	theta_7	0	program:kht++ v0.1-53-g46e86f4;options:-c7-d;input:r1.r2.x1.y0.y0.x1.y0.x3.u2.u1,1
07_1	s_2	6	program:kht++ v0.1-53-g46e86f4;options:-c2;input:r0.x1.y0.y0.y0.y0.y0.x1.u0,1
07_1	theta_2	12	program:kht++ v0.1-53-g46e86f4;options:-c2-d;input:r0.x1.y0.y0.y0.y0.y0.x1.u0,1
07_1	theta_3	9	program:kht++ v0.1-53-g46e86f4;options:-c3-d;input:r0.x1.y0.y0.y0.y0.y0.x1.u0,1
07_1	theta_5	9	program:kht++ v0.1-53-g46e86f4;options:-c5-d;input:r0.x1.y0.y0.y0.y0.y0.x1.u0,1
07_1	theta_7	9	program:kht++ v0.1-53-g46e86f4;options:-c7-d;input:r0.x1.y0.y0.y0.y0.y0.x1.u0,1
07_2	s_2	2	program:kht++ v0.1-53-g46e86f4;options:-c2;input:r0.x1.y0.y0.y0.y0.y0.x1.u0,1
07_2	theta_2	4	program:kht++ v0.1-53-g46e86f4;options:-c2;input:r0.x1.y0.y0.y0.y0.y0.x1.u0,1
07_2	theta_3	3	program:kht++ v0.1-53-g46e86f4;options:-c3;input:r0.x1.y0.y0.y0.y0.y0.x1.u0,1
07_2	theta_5	3	program:kht++ v0.1-53-g46e86f4;options:-c5;input:r0.x1.y0.y0.y0.y0.y0.x1.u0,1
07_2	theta_7	3	program:kht++ v0.1-53-g46e86f4;options:-c7;input:r0.x1.y0.y0.y0.y0.y0.x1.u0,1
07_3	s_2	4	program:kht++ v0.1-53-g46e86f4;options:-c2;input:r1.y0.y0.y0.y0.x1.x1.x1.u0,1
07_3	theta_2	8	program:kht++ v0.1-53-g46e86f4;options:-c2-d;input:r1.y0.y0.y0.y0.x1.x1.x1.u0,1
07_3	theta_3	6	program:kht++ v0.1-53-g46e86f4;options:-c3-d;input:r1.y0.y0.y0.y0.x1.x1.x1.u0,1
07_3	theta_5	6	program:kht++ v0.1-53-g46e86f4;options:-c5-d;input:r1.y0.y0.y0.y0.x1.x1.x1.u0,1
07_3	theta_7	6	program:kht++ v0.1-53-g46e86f4;options:-c7-d;input:r1.y0.y0.y0.y0.x1.x1.x1.u0,1
07_4	s_2	2	program:kht++ v0.1-53-g46e86f4;options:-c2;input:r1.y0.r3.x2.x2.x2.x1.y3.y3.u2.x1.u0,1
08_19	s_2	6	program:kht++ v0.1-53-g46e86f4;options:-c2;input:r1.y0.r3.x2.y0.y0.y1.u2.y0.y0.y0.u1,1
08_19	theta_2	8	program:kht++ v0.1-53-g46e86f4;options:-c2-d;input:r1.y0.r3.x2.y0.y0.y1.u2.y0.y0.y0.u1,1
08_19	theta_3	9	program:kht++ v0.1-53-g46e86f4;options:-c3-d;input:r1.y0.r3.x2.y0.y0.y1.u2.y0.y0.y0.u1,1
08_19	theta_5	8	program:kht++ v0.1-53-g46e86f4;options:-c5-d;input:r1.y0.r3.x2.y0.y0.y1.u2.y0.y0.y0.u1,1
08_19	theta_7	8	program:kht++ v0.1-53-g46e86f4;options:-c7-d;input:r1.y0.r3.x2.y0.y0.y1.u2.y0.y0.y0.u1,1
